return_item_id,return_id,order_item_id,quantity,action,exchange_variant_id,unit_refund_amount
1,1,129232,5.0,refund,,1200.87
2,2,147166,1.0,refund,,2277.61
3,2,147164,2.0,exchange,900.0,0.0
4,3,14624,6.0,refund,,3163.03
5,4,78070,6.0,exchange,418.0,0.0
6,5,115534,2.0,refund,,2535.8
7,6,56592,4.0,refund,,3447.79
8,7,134056,1.0,refund,,1770.44
9,8,131067,8.0,exchange,339.0,0.0
10,9,69545,2.0,refund,,1370.36
11,10,13412,4.0,refund,,69.33
12,11,109657,3.0,exchange,254.0,0.0
13,11,109656,2.0,exchange,680.0,0.0
14,12,9541,3.0,exchange,548.0,0.0
15,13,31122,4.0,refund,,431.48
16,13,31121,7.0,exchange,122.0,0.0
17,14,25263,1.0,refund,,3536.51
18,14,25265,1.0,refund,,2433.21
19,15,125252,1.0,refund,,1603.57
20,15,125249,3.0,refund,,2403.32
21,16,9822,4.0,refund,,1140.17
22,16,9820,3.0,refund,,3751.57
23,17,117041,1.0,refund,,3045.41
24,18,39898,6.0,refund,,544.34
25,18,39897,3.0,refund,,1360.44
26,19,23930,1.0,refund,,2013.71
27,20,52640,6.0,exchange,63.0,0.0
28,20,52641,1.0,refund,,1826.97
29,21,77806,3.0,refund,,1610.84
30,22,125370,1.0,refund,,3536.51
31,23,130117,4.0,exchange,815.0,0.0
32,23,130118,3.0,refund,,409.45
33,24,12892,1.0,exchange,946.0,0.0
34,24,12893,1.0,exchange,658.0,0.0
35,25,117746,7.0,refund,,2692.1
36,26,22526,8.0,refund,,1371.86
37,27,10863,8.0,refund,,2276.42
38,28,62308,8.0,refund,,672.8
39,29,98656,1.0,refund,,1276.93
40,30,5121,8.0,refund,,1310.13
41,31,129126,9.0,exchange,322.0,0.0
42,32,78165,1.0,refund,,2501.65
43,32,78164,4.0,exchange,655.0,0.0
44,33,549,5.0,refund,,695.61
45,34,149000,4.0,refund,,1475.54
46,34,148999,2.0,refund,,1178.62
47,35,2609,1.0,exchange,239.0,0.0
48,36,132215,2.0,refund,,1006.34
49,36,132217,1.0,refund,,516.75
50,37,974,5.0,exchange,597.0,0.0
51,38,131304,3.0,refund,,2637.77
52,38,131303,6.0,refund,,2659.65
53,39,129707,2.0,refund,,2481.91
54,40,62089,2.0,refund,,1102.6
55,40,62088,2.0,refund,,407.01
56,41,42223,2.0,refund,,1854.12
57,42,27890,2.0,refund,,806.12
58,43,12470,1.0,refund,,539.43
59,43,12468,3.0,exchange,341.0,0.0
60,44,141063,2.0,refund,,1048.92
61,45,59897,6.0,refund,,1094.61
63,47,34998,1.0,exchange,985.0,0.0
64,47,34996,1.0,refund,,2156.0
65,48,57016,2.0,refund,,1433.22
66,49,138847,1.0,refund,,1813.06
67,49,138848,1.0,refund,,3065.65
68,50,38265,1.0,refund,,391.94
69,50,38268,2.0,exchange,366.0,0.0
70,51,78215,8.0,refund,,3372.27
71,52,140675,4.0,refund,,1724.28
72,52,140677,5.0,refund,,1609.83
73,53,133096,4.0,refund,,1726.63
74,53,133095,1.0,refund,,2036.26
75,54,96221,6.0,exchange,570.0,0.0
76,54,96222,2.0,refund,,103.95
77,55,75475,1.0,refund,,2138.38
78,56,70067,4.0,refund,,1848.51
79,56,70068,1.0,refund,,2247.99
80,57,101340,5.0,refund,,2601.68
81,58,95934,4.0,refund,,1674.37
82,58,95933,1.0,refund,,2063.82
83,59,149108,1.0,refund,,2526.33
84,59,149111,1.0,exchange,712.0,0.0
85,60,120389,7.0,refund,,2809.14
86,60,120388,1.0,refund,,2640.24
87,61,84725,8.0,refund,,2632.87
88,62,16940,1.0,refund,,314.18
89,62,16944,2.0,refund,,3648.57
90,63,89655,2.0,exchange,688.0,0.0
91,63,89653,8.0,refund,,1307.41
92,64,98092,7.0,refund,,2142.5
93,64,98093,1.0,exchange,849.0,0.0
94,65,98907,1.0,refund,,3685.42
95,66,110556,1.0,refund,,1035.0
96,66,110557,1.0,refund,,2084.13
97,67,106968,1.0,refund,,1028.21
98,68,1836,1.0,refund,,522.87
99,69,139163,2.0,exchange,492.0,0.0
100,69,139164,10.0,refund,,2552.53
101,70,16110,1.0,exchange,412.0,0.0
102,71,68736,3.0,refund,,208.08
103,71,68735,2.0,refund,,242.94
104,72,23115,4.0,refund,,1320.3
105,72,23114,6.0,refund,,2916.3
106,73,61414,6.0,refund,,538.89
107,74,19140,8.0,refund,,190.17
108,74,19141,6.0,exchange,636.0,0.0
109,75,76864,7.0,refund,,3892.05
110,75,76867,2.0,refund,,2108.46
111,76,80293,6.0,exchange,311.0,0.0
112,76,80294,1.0,exchange,993.0,0.0
113,77,91080,2.0,refund,,1536.13
114,78,46079,2.0,refund,,2133.34
117,80,39563,2.0,refund,,1472.59
118,81,62740,3.0,exchange,665.0,0.0
119,81,62738,1.0,refund,,2301.52
120,82,145917,4.0,exchange,659.0,0.0
121,83,60917,1.0,refund,,2402.23
122,84,113087,8.0,exchange,300.0,0.0
123,85,115540,3.0,refund,,1737.68
124,86,9684,1.0,refund,,3529.0
125,87,56980,1.0,refund,,2963.37
126,88,58716,1.0,refund,,2868.84
127,89,122471,3.0,refund,,3280.48
128,89,122470,6.0,exchange,996.0,0.0
129,90,145825,7.0,refund,,1838.76
130,91,141379,2.0,refund,,2979.2
131,92,44351,1.0,refund,,1621.91
132,93,101520,1.0,refund,,3730.87
133,93,101518,4.0,refund,,654.46
134,94,29297,1.0,refund,,52.57
135,95,80977,4.0,refund,,869.52
136,96,131479,1.0,refund,,3685.42
137,96,131478,2.0,refund,,3084.28
138,97,107620,4.0,exchange,481.0,0.0
139,97,107621,2.0,refund,,69.33
140,98,126717,3.0,refund,,2565.48
141,99,17807,1.0,refund,,1653.2
142,100,114772,7.0,exchange,715.0,0.0
143,100,114771,3.0,refund,,711.87
144,101,138915,2.0,refund,,916.04
145,102,146462,1.0,refund,,658.74
146,103,126267,1.0,refund,,2300.24
147,104,10111,3.0,refund,,2179.03
148,105,23650,4.0,exchange,692.0,0.0
149,106,104827,1.0,refund,,2563.85
150,107,67043,5.0,exchange,452.0,0.0
151,108,136529,1.0,exchange,804.0,0.0
152,109,59224,5.0,refund,,1891.34
153,109,59225,3.0,refund,,3040.55
154,110,121721,4.0,refund,,1625.59
155,111,145094,1.0,exchange,532.0,0.0
156,112,98014,3.0,refund,,1432.75
157,112,98013,1.0,refund,,1729.09
158,113,125973,1.0,exchange,148.0,0.0
159,113,125974,1.0,refund,,1362.27
160,114,83359,2.0,refund,,1380.77
161,115,53805,1.0,refund,,1149.14
162,116,79769,1.0,exchange,809.0,0.0
163,116,79766,2.0,refund,,2839.11
164,117,89236,7.0,refund,,2364.78
165,118,38858,4.0,refund,,1609.83
166,119,108184,5.0,refund,,4026.81
167,119,108187,2.0,exchange,969.0,0.0
168,120,1625,2.0,refund,,1920.15
169,121,22740,1.0,refund,,2118.14
170,121,22736,1.0,refund,,2665.92
171,122,10244,3.0,refund,,2758.2
172,122,10242,1.0,exchange,868.0,0.0
173,123,80830,4.0,refund,,1609.83
174,123,80829,7.0,refund,,103.11
175,124,147334,2.0,refund,,1069.38
176,124,147336,1.0,exchange,483.0,0.0
177,125,129947,1.0,refund,,36.65
178,126,112069,1.0,refund,,2247.99
179,127,99445,1.0,refund,,594.44
180,128,45453,2.0,exchange,308.0,0.0
181,129,98449,3.0,exchange,877.0,0.0
182,130,45016,2.0,refund,,1466.35
183,130,45017,1.0,refund,,1370.36
184,131,80446,1.0,exchange,266.0,0.0
185,132,146120,3.0,refund,,960.29
186,133,21163,8.0,refund,,2148.39
187,134,80839,3.0,refund,,1486.53
188,135,24518,1.0,refund,,2783.63
189,136,5539,6.0,exchange,187.0,0.0
190,137,36757,1.0,exchange,334.0,0.0
191,138,53003,6.0,exchange,868.0,0.0
192,139,140063,4.0,refund,,431.48
193,140,47865,5.0,exchange,453.0,0.0
194,140,47864,5.0,refund,,3107.16
195,141,107904,2.0,exchange,834.0,0.0
196,141,107903,1.0,refund,,2363.8
197,142,68638,10.0,refund,,1038.6
198,142,68637,4.0,exchange,760.0,0.0
199,143,33486,2.0,refund,,2433.05
200,144,19728,3.0,refund,,1628.81
201,144,19729,1.0,refund,,1343.06
202,145,19623,2.0,exchange,974.0,0.0
203,146,39208,2.0,refund,,1854.12
204,147,19723,5.0,refund,,544.34
205,148,129743,1.0,exchange,182.0,0.0
206,149,74832,4.0,exchange,991.0,0.0
207,150,113846,3.0,refund,,3685.42
208,151,89056,1.0,refund,,964.88
209,151,89058,3.0,exchange,346.0,0.0
211,153,16206,1.0,refund,,920.67
212,154,62571,2.0,refund,,380.46
213,155,14092,8.0,refund,,2156.0
214,155,14091,1.0,exchange,533.0,0.0
215,156,79712,3.0,refund,,2704.24
216,156,79713,2.0,exchange,145.0,0.0
217,157,15475,5.0,refund,,1858.79
218,158,29022,2.0,refund,,1252.68
219,158,29021,4.0,refund,,2412.74
220,159,113530,1.0,refund,,868.09
221,160,57234,1.0,refund,,1425.15
222,160,57232,1.0,exchange,868.0,0.0
223,161,134784,1.0,refund,,865.53
224,162,37368,1.0,refund,,2079.95
225,163,102291,2.0,exchange,5.0,0.0
226,164,65209,2.0,refund,,1380.77
227,165,58370,2.0,refund,,1403.13
228,166,126027,1.0,refund,,509.32
229,167,110650,1.0,exchange,195.0,0.0
230,168,62177,1.0,refund,,984.7
231,169,125460,3.0,exchange,597.0,0.0
232,170,139571,7.0,exchange,291.0,0.0
233,171,40020,1.0,refund,,1639.82
234,171,40019,6.0,exchange,445.0,0.0
235,172,61547,5.0,refund,,1476.81
236,173,128613,5.0,refund,,410.74
237,173,128612,2.0,refund,,296.78
240,176,147141,1.0,refund,,2612.73
241,177,101717,2.0,refund,,1071.58
242,177,101718,5.0,refund,,2426.65
243,178,26926,3.0,refund,,1049.51
244,179,102891,6.0,exchange,48.0,0.0
245,180,44579,5.0,refund,,1148.81
246,181,95153,1.0,refund,,1330.2
247,181,95154,9.0,refund,,2428.81
248,182,61247,6.0,exchange,791.0,0.0
249,183,134110,1.0,refund,,2763.78
250,184,133374,1.0,exchange,516.0,0.0
251,184,133375,1.0,refund,,2845.64
252,185,120931,3.0,refund,,2369.21
253,186,113809,3.0,refund,,1611.17
254,186,113808,8.0,refund,,836.28
255,187,111834,6.0,exchange,414.0,0.0
256,188,148618,3.0,refund,,1425.34
257,188,148620,5.0,refund,,1569.62
258,189,46931,2.0,refund,,973.54
259,189,46929,5.0,refund,,1586.92
260,190,83229,2.0,refund,,259.1
261,191,75188,2.0,exchange,796.0,0.0
262,192,85939,4.0,refund,,1735.78
263,193,65080,6.0,refund,,1907.91
264,194,78041,2.0,refund,,1458.18
265,195,111859,2.0,refund,,2334.45
266,195,111858,3.0,exchange,435.0,0.0
267,196,19180,2.0,refund,,1563.67
268,197,64041,2.0,refund,,1274.13
269,198,56023,3.0,refund,,1310.13
270,199,136379,2.0,refund,,2495.19
271,200,108312,8.0,refund,,2149.95
272,200,108314,4.0,refund,,439.93
273,201,93998,1.0,refund,,1891.34
274,202,121093,3.0,exchange,540.0,0.0
275,203,143048,2.0,exchange,955.0,0.0
276,203,143046,7.0,refund,,3983.4
277,204,54582,3.0,exchange,311.0,0.0
278,205,22174,1.0,exchange,737.0,0.0
279,206,1804,1.0,refund,,2428.81
280,206,1802,3.0,exchange,568.0,0.0
281,207,26459,2.0,exchange,466.0,0.0
282,207,26458,4.0,refund,,3243.15
283,208,16211,4.0,exchange,314.0,0.0
284,208,16212,4.0,refund,,2433.05
285,209,133434,1.0,refund,,2189.02
287,211,104162,2.0,refund,,3157.69
288,212,143248,4.0,refund,,3507.03
289,213,79443,1.0,exchange,948.0,0.0
290,214,142270,3.0,exchange,729.0,0.0
291,215,46714,5.0,exchange,951.0,0.0
292,216,54550,1.0,refund,,2217.71
293,217,60051,2.0,exchange,912.0,0.0
294,218,148955,1.0,exchange,546.0,0.0
295,219,38624,6.0,refund,,2513.67
296,220,49651,1.0,exchange,243.0,0.0
297,221,55573,1.0,refund,,212.31
298,222,104783,2.0,refund,,1446.19
299,222,104784,1.0,refund,,1420.38
300,223,112984,2.0,refund,,2118.14
301,223,112983,2.0,refund,,531.03
302,224,55351,1.0,exchange,170.0,0.0
303,224,55352,3.0,refund,,2433.05
304,225,2102,2.0,exchange,298.0,0.0
305,226,146446,1.0,refund,,1359.18
306,227,38617,2.0,refund,,3004.2
307,228,101837,6.0,refund,,1677.29
308,228,101836,3.0,refund,,1165.56
309,229,109507,6.0,refund,,3796.83
310,229,109510,2.0,refund,,1796.67
311,230,149124,1.0,exchange,328.0,0.0
312,230,149123,1.0,refund,,2785.44
313,231,84944,2.0,refund,,806.12
314,231,84942,1.0,refund,,1744.87
315,232,53168,1.0,exchange,335.0,0.0
316,233,14775,6.0,exchange,512.0,0.0
317,234,6109,3.0,refund,,1137.61
318,235,122275,1.0,refund,,3732.21
319,235,122277,1.0,exchange,386.0,0.0
320,236,6404,9.0,refund,,3004.2
321,237,113413,2.0,refund,,1541.68
322,238,88661,1.0,refund,,274.35
323,238,88662,2.0,refund,,3447.79
324,239,30919,6.0,refund,,1284.51
325,240,73843,6.0,refund,,713.36
326,241,66447,1.0,refund,,1078.27
327,242,5150,6.0,exchange,348.0,0.0
330,245,48893,9.0,exchange,397.0,0.0
331,246,146453,3.0,exchange,178.0,0.0
332,247,125523,1.0,exchange,771.0,0.0
333,248,27045,5.0,refund,,2736.28
334,249,36462,3.0,refund,,1517.55
335,250,78846,3.0,refund,,1137.61
336,250,78847,4.0,refund,,162.93
337,251,34076,1.0,refund,,1776.02
338,251,34077,3.0,refund,,2133.34
339,252,74890,7.0,exchange,235.0,0.0
340,252,74892,6.0,exchange,682.0,0.0
341,253,28559,6.0,exchange,333.0,0.0
342,254,143699,1.0,refund,,431.13
343,255,124957,3.0,refund,,256.91
344,256,98616,8.0,refund,,272.66
345,256,98615,1.0,exchange,777.0,0.0
346,257,119649,10.0,refund,,2874.99
347,258,101536,1.0,refund,,1742.58
348,259,109731,1.0,refund,,1636.08
349,259,109733,2.0,refund,,500.79
350,260,17099,4.0,refund,,588.8
351,261,57379,1.0,refund,,2217.71
352,261,57380,4.0,exchange,515.0,0.0
353,262,134047,10.0,exchange,666.0,0.0
354,263,142679,7.0,refund,,3004.2
355,263,142681,6.0,refund,,594.44
356,264,73934,4.0,refund,,407.01
357,264,73933,3.0,refund,,3785.94
358,265,99660,4.0,exchange,363.0,0.0
359,266,14326,1.0,refund,,2954.61
360,267,48219,4.0,refund,,2326.21
361,267,48217,1.0,refund,,3102.21
362,268,34816,1.0,exchange,180.0,0.0
363,268,34818,4.0,exchange,12.0,0.0
364,269,93305,1.0,exchange,596.0,0.0
365,270,76257,3.0,refund,,848.55
366,270,76256,2.0,exchange,613.0,0.0
367,271,91570,5.0,refund,,1309.93
368,271,91571,2.0,refund,,885.32
369,272,136425,2.0,refund,,2219.2
370,272,136426,1.0,refund,,919.27
371,273,54560,9.0,refund,,2328.88
372,273,54561,4.0,refund,,2546.56
373,274,33661,1.0,refund,,1781.99
374,274,33660,3.0,exchange,766.0,0.0
375,275,29489,1.0,exchange,828.0,0.0
376,276,107137,4.0,refund,,1553.87
379,278,93632,8.0,refund,,477.39
380,278,93633,2.0,refund,,839.41
381,279,71345,1.0,refund,,212.31
382,280,34664,8.0,refund,,1048.92
383,280,34665,4.0,refund,,3157.67
384,281,13303,9.0,refund,,2315.5
385,282,47874,1.0,exchange,101.0,0.0
386,283,12778,1.0,exchange,976.0,0.0
387,283,12779,4.0,exchange,615.0,0.0
388,284,91049,5.0,refund,,798.36
389,285,19443,1.0,refund,,1501.07
390,285,19444,3.0,refund,,3083.67
391,286,47740,1.0,refund,,1149.6
392,287,100499,2.0,refund,,1724.28
393,287,100498,1.0,refund,,1023.33
394,288,7709,4.0,exchange,514.0,0.0
395,288,7710,1.0,refund,,1611.17
396,289,1911,2.0,refund,,2844.46
397,290,3972,4.0,exchange,125.0,0.0
398,291,81952,2.0,refund,,1874.85
399,292,58859,2.0,refund,,1352.38
400,292,58861,5.0,refund,,3733.72
401,293,125463,4.0,refund,,1019.75
402,293,125464,3.0,exchange,479.0,0.0
403,294,112467,4.0,refund,,2476.76
404,294,112466,4.0,refund,,1569.81
405,295,92075,3.0,refund,,487.86
406,296,111935,7.0,refund,,2476.49
407,297,51460,5.0,refund,,767.13
408,297,51461,6.0,exchange,229.0,0.0
409,298,114838,5.0,refund,,390.46
410,298,114837,2.0,refund,,616.77
411,299,129286,2.0,refund,,1211.36
412,300,75081,6.0,exchange,157.0,0.0
413,301,129301,1.0,exchange,382.0,0.0
414,302,149115,1.0,refund,,1907.91
415,303,14792,1.0,refund,,2066.47
416,303,14794,5.0,refund,,1489.6
417,304,23303,1.0,refund,,2758.2
418,304,23302,1.0,refund,,1360.44
419,305,34490,1.0,refund,,1970.92
420,306,13633,4.0,exchange,396.0,0.0
421,307,314,5.0,exchange,1006.0,0.0
422,307,311,5.0,refund,,1049.34
423,308,117274,5.0,refund,,2363.8
424,308,117275,2.0,refund,,3157.67
425,309,136009,4.0,refund,,1907.91
426,309,136010,4.0,refund,,1744.87
427,310,122015,5.0,refund,,1052.21
428,311,58585,9.0,refund,,1936.17
429,311,58586,4.0,refund,,283.33
430,312,146685,7.0,refund,,1896.85
431,313,99667,5.0,refund,,924.9
432,314,101173,4.0,refund,,71.33
433,314,101174,1.0,refund,,1571.43
434,315,106447,4.0,exchange,408.0,0.0
435,316,117452,2.0,refund,,1610.84
436,317,125760,2.0,refund,,410.74
437,318,130038,1.0,refund,,391.96
438,318,130040,5.0,refund,,586.74
439,319,108942,2.0,refund,,2979.2
440,320,110681,5.0,refund,,1501.07
441,320,110682,3.0,exchange,957.0,0.0
442,321,40168,1.0,refund,,3373.9
443,321,40169,1.0,refund,,1185.69
444,322,107815,8.0,refund,,718.84
445,323,29967,2.0,refund,,2877.89
446,323,29965,2.0,refund,,2115.76
447,324,70701,6.0,refund,,1475.97
448,324,70697,2.0,refund,,1486.53
449,325,4430,6.0,refund,,2476.49
450,326,55996,8.0,refund,,1480.82
451,326,55997,1.0,refund,,2399.92
453,328,120039,1.0,exchange,909.0,0.0
454,328,120038,9.0,refund,,624.14
455,329,22823,4.0,refund,,1724.28
456,330,109016,6.0,refund,,2611.58
457,331,9405,2.0,exchange,200.0,0.0
458,332,58823,3.0,exchange,966.0,0.0
459,333,148844,3.0,refund,,1035.0
460,334,56052,2.0,refund,,537.27
461,335,69542,1.0,refund,,1832.14
462,336,29458,4.0,refund,,477.39
463,336,29456,1.0,refund,,1042.47
464,337,1305,5.0,refund,,2249.45
465,338,63093,7.0,refund,,36.99
466,339,98239,9.0,refund,,1476.72
467,339,98236,5.0,refund,,704.36
468,340,60887,1.0,refund,,542.8
469,341,88598,2.0,refund,,642.52
470,341,88600,7.0,refund,,544.34
471,342,305,3.0,refund,,2483.8
472,343,92355,5.0,refund,,2692.1
473,343,92356,1.0,refund,,3055.12
474,344,135795,4.0,refund,,738.01
475,345,23977,1.0,exchange,940.0,0.0
476,345,23978,4.0,exchange,833.0,0.0
477,346,68011,8.0,exchange,84.0,0.0
478,347,71097,3.0,exchange,801.0,0.0
479,347,71095,5.0,exchange,46.0,0.0
480,348,131851,1.0,refund,,1752.23
481,349,58670,1.0,exchange,373.0,0.0
482,350,145318,7.0,refund,,3036.68
483,351,127845,1.0,refund,,2118.14
484,352,44616,1.0,refund,,1075.09
485,352,44617,5.0,exchange,330.0,0.0
486,353,14547,5.0,refund,,364.81
487,354,136649,3.0,exchange,856.0,0.0
488,354,136648,2.0,exchange,763.0,0.0
489,355,137846,1.0,refund,,1654.94
490,355,137842,2.0,refund,,1109.29
491,356,55671,7.0,exchange,679.0,0.0
492,357,60921,2.0,refund,,1495.48
493,357,60919,3.0,refund,,496.5
494,358,145681,6.0,refund,,103.95
495,359,148976,1.0,refund,,3733.72
496,360,69251,2.0,refund,,1052.21
497,360,69250,1.0,refund,,751.1
498,361,15409,5.0,refund,,2422.3
499,362,12945,3.0,refund,,1752.23
500,363,136017,3.0,refund,,2650.73
501,364,79652,2.0,refund,,2403.32
502,365,61195,3.0,refund,,1532.52
503,365,61196,3.0,refund,,769.68
504,366,88798,2.0,exchange,615.0,0.0
505,367,122613,2.0,refund,,2641.36
506,368,52686,6.0,refund,,1350.67
507,368,52684,8.0,refund,,1744.87
508,369,35226,7.0,exchange,794.0,0.0
509,370,88173,2.0,refund,,1639.82
510,371,107967,3.0,refund,,500.79
511,372,11713,1.0,exchange,435.0,0.0
512,372,11712,9.0,refund,,718.42
513,373,127894,2.0,refund,,555.33
514,374,139229,1.0,refund,,353.21
515,374,139231,3.0,refund,,444.48
516,375,79251,1.0,refund,,817.89
517,375,79250,3.0,refund,,2223.68
518,376,27217,4.0,refund,,770.28
519,377,10233,1.0,refund,,3194.59
520,377,10232,4.0,refund,,2459.21
521,378,99678,1.0,exchange,711.0,0.0
522,378,99679,3.0,refund,,3365.4
523,379,43129,1.0,refund,,811.16
524,379,43128,4.0,refund,,2778.3
525,380,50193,1.0,refund,,1896.85
526,380,50192,3.0,refund,,1997.91
527,381,85880,3.0,refund,,242.94
528,382,123456,5.0,exchange,860.0,0.0
529,382,123457,1.0,refund,,705.44
530,383,147837,3.0,refund,,323.5
531,384,135104,2.0,refund,,2637.92
532,385,124661,6.0,refund,,909.81
533,386,5014,1.0,refund,,1136.58
534,387,39537,2.0,refund,,2540.37
535,387,39535,4.0,exchange,203.0,0.0
536,388,113262,2.0,refund,,265.57
537,389,28107,1.0,exchange,197.0,0.0
538,390,22624,3.0,refund,,1828.85
539,390,22623,6.0,refund,,2487.22
540,391,89604,6.0,refund,,1446.19
541,391,89603,3.0,exchange,173.0,0.0
542,392,138062,3.0,exchange,133.0,0.0
543,393,134764,2.0,refund,,642.52
544,394,91332,5.0,refund,,3063.56
545,394,91331,1.0,refund,,233.91
546,395,28602,1.0,refund,,1389.22
547,396,20377,8.0,exchange,291.0,0.0
548,396,20380,3.0,refund,,2378.94
549,397,63695,4.0,refund,,3102.51
550,398,73491,4.0,refund,,2780.63
551,398,73492,9.0,exchange,81.0,0.0
552,399,137764,8.0,refund,,101.75
553,399,137765,1.0,refund,,2953.89
554,400,22802,2.0,refund,,1282.94
555,400,22801,2.0,exchange,109.0,0.0
556,401,98337,2.0,refund,,2866.84
557,402,87580,6.0,refund,,1028.21
558,402,87581,8.0,refund,,3680.63
559,403,85258,4.0,refund,,67.81
560,403,85261,1.0,refund,,2718.89
561,404,114918,8.0,refund,,2611.58
562,405,107044,2.0,refund,,1598.51
563,405,107045,7.0,refund,,864.7
564,406,89092,3.0,exchange,801.0,0.0
565,407,85316,9.0,refund,,3757.03
566,407,85314,2.0,exchange,257.0,0.0
567,408,77847,6.0,exchange,343.0,0.0
568,409,4880,2.0,exchange,300.0,0.0
569,409,4881,4.0,refund,,916.04
570,410,68724,10.0,refund,,1536.13
571,411,122359,6.0,refund,,143.69
572,412,49800,6.0,refund,,1462.39
573,413,134154,4.0,exchange,637.0,0.0
574,414,59286,2.0,refund,,3391.47
575,414,59287,1.0,refund,,909.81
576,415,13877,3.0,refund,,2642.82
577,416,99632,2.0,refund,,2787.35
578,416,99633,7.0,refund,,811.16
579,417,11064,3.0,exchange,649.0,0.0
580,418,114490,9.0,refund,,2843.46
581,418,114493,8.0,refund,,3892.05
582,419,129492,5.0,refund,,2417.32
583,420,118621,6.0,refund,,2342.94
584,420,118620,2.0,refund,,2694.24
585,421,129741,1.0,refund,,2974.82
586,421,129742,4.0,exchange,218.0,0.0
587,422,47826,4.0,refund,,2677.23
588,423,76744,4.0,refund,,2100.65
589,423,76743,2.0,refund,,1284.51
590,424,66520,1.0,exchange,648.0,0.0
591,425,132710,2.0,refund,,1827.76
592,426,128819,5.0,refund,,770.28
593,426,128821,3.0,refund,,1724.28
594,427,32722,5.0,refund,,1078.66
595,427,32724,4.0,refund,,2538.86
596,428,63828,5.0,exchange,788.0,0.0
597,429,30505,4.0,refund,,1038.34
598,429,30504,1.0,refund,,2023.3
599,430,110380,2.0,exchange,865.0,0.0
600,431,125722,1.0,refund,,134.34
601,431,125721,8.0,refund,,2326.21
602,432,32365,3.0,refund,,2902.38
603,432,32364,2.0,refund,,2164.79
604,433,21877,1.0,exchange,367.0,0.0
605,433,21879,1.0,refund,,3166.59
606,434,20261,3.0,refund,,1463.75
607,435,129474,1.0,exchange,352.0,0.0
608,436,85854,5.0,refund,,1686.84
609,437,148730,1.0,refund,,2542.44
610,437,148728,2.0,refund,,1826.88
611,438,113414,4.0,refund,,2301.52
612,438,113415,5.0,refund,,2116.68
613,439,36435,2.0,refund,,69.33
614,440,23849,2.0,refund,,2916.3
615,440,23848,7.0,exchange,983.0,0.0
616,441,137530,3.0,refund,,274.35
617,442,51606,3.0,refund,,3138.93
618,443,13488,2.0,refund,,3194.59
619,444,8172,9.0,refund,,162.93
620,444,8173,5.0,refund,,2412.74
621,445,65043,3.0,refund,,1598.51
622,446,110993,3.0,exchange,397.0,0.0
623,446,110991,2.0,exchange,46.0,0.0
624,447,15384,2.0,exchange,415.0,0.0
625,447,15385,6.0,refund,,2417.32
626,448,3571,1.0,refund,,2398.56
627,449,130208,5.0,refund,,1611.17
628,449,130206,7.0,refund,,3180.67
629,450,84030,3.0,refund,,2328.88
630,450,84028,3.0,exchange,17.0,0.0
631,451,5414,5.0,exchange,871.0,0.0
632,452,99649,1.0,refund,,2036.26
633,453,29334,5.0,refund,,2611.58
634,454,97417,6.0,refund,,3045.41
635,454,97418,1.0,refund,,2844.46
636,455,81992,1.0,refund,,3755.98
637,456,126087,10.0,refund,,1834.83
638,456,126086,4.0,refund,,2291.44
639,457,86229,1.0,refund,,543.46
640,457,86227,4.0,exchange,485.0,0.0
641,458,128184,4.0,refund,,1625.59
642,458,128185,1.0,refund,,1569.62
643,459,121779,4.0,refund,,1483.18
644,460,128762,5.0,refund,,2476.76
645,461,40583,2.0,refund,,2508.07
646,462,78575,3.0,refund,,1475.97
647,463,28451,7.0,refund,,776.14
648,464,146783,2.0,refund,,2734.36
649,465,12343,3.0,refund,,2665.92
650,465,12342,6.0,exchange,430.0,0.0
651,466,99883,4.0,refund,,1243.36
652,467,20270,5.0,refund,,588.46
653,468,14962,1.0,refund,,2554.55
654,469,57194,1.0,refund,,3194.59
655,470,37206,2.0,exchange,287.0,0.0
656,471,27125,3.0,refund,,101.75
657,471,27126,3.0,exchange,731.0,0.0
658,472,19494,7.0,refund,,1205.82
659,473,125888,3.0,exchange,347.0,0.0
660,474,16124,3.0,exchange,145.0,0.0
661,474,16123,8.0,refund,,400.85
662,475,47355,2.0,refund,,1153.05
663,476,115339,2.0,refund,,3495.43
664,477,34821,3.0,exchange,121.0,0.0
665,478,61021,4.0,refund,,887.99
666,478,61024,1.0,refund,,2557.48
667,479,56242,2.0,refund,,1569.81
668,479,56241,2.0,refund,,2462.33
669,480,22240,2.0,refund,,380.46
670,480,22241,1.0,exchange,508.0,0.0
671,481,80034,3.0,refund,,2219.2
672,481,80035,4.0,refund,,3554.57
673,482,25679,1.0,exchange,185.0,0.0
674,483,13340,1.0,refund,,2152.22
675,484,74004,4.0,refund,,3058.37
676,484,74003,2.0,refund,,1954.94
677,485,89849,2.0,refund,,347.44
678,485,89847,1.0,refund,,2217.71
679,486,21596,6.0,refund,,45.75
680,487,51434,4.0,exchange,670.0,0.0
681,487,51433,2.0,refund,,1636.08
682,488,96300,3.0,exchange,540.0,0.0
683,489,61534,3.0,exchange,134.0,0.0
684,490,88405,2.0,refund,,522.87
685,491,50329,2.0,exchange,708.0,0.0
686,491,50330,2.0,refund,,3683.74
687,492,100134,3.0,refund,,1485.46
688,492,100133,3.0,exchange,688.0,0.0
689,493,127485,3.0,refund,,2240.19
690,494,118103,5.0,refund,,522.87
691,495,9797,7.0,refund,,1874.85
692,496,79921,1.0,refund,,704.36
693,496,79920,7.0,refund,,2460.16
694,497,96187,4.0,exchange,274.0,0.0
695,497,96186,9.0,refund,,2476.76
696,498,70662,2.0,refund,,3084.23
697,498,70665,1.0,refund,,1380.77
698,499,85878,1.0,refund,,1472.59
699,500,111512,1.0,refund,,1827.76
700,500,111514,2.0,exchange,303.0,0.0
701,501,137163,2.0,refund,,2462.33
702,501,137166,1.0,exchange,775.0,0.0
703,502,123944,1.0,exchange,584.0,0.0
704,502,123943,2.0,exchange,146.0,0.0
705,503,74593,3.0,refund,,2506.19
706,503,74590,3.0,exchange,834.0,0.0
707,504,102220,5.0,exchange,699.0,0.0
709,506,36577,3.0,refund,,885.32
710,507,118078,6.0,refund,,1469.13
711,508,108309,4.0,refund,,2149.95
712,508,108307,2.0,exchange,35.0,0.0
713,509,68205,1.0,refund,,2491.36
714,509,68204,1.0,refund,,3069.18
715,510,48940,1.0,exchange,730.0,0.0
716,510,48941,1.0,refund,,2866.84
717,511,117859,4.0,refund,,736.62
718,511,117858,3.0,exchange,572.0,0.0
719,512,93804,3.0,refund,,2843.46
720,513,45951,5.0,refund,,818.75
721,514,11542,5.0,refund,,2518.29
722,515,116034,6.0,refund,,1025.37
723,515,116033,1.0,refund,,1821.2
724,516,150286,2.0,exchange,1005.0,0.0
725,517,72175,9.0,refund,,1469.11
726,518,137314,4.0,exchange,237.0,0.0
727,519,113419,2.0,exchange,897.0,0.0
728,520,77253,1.0,exchange,473.0,0.0
729,520,77252,5.0,refund,,642.52
730,521,20720,1.0,refund,,1981.38
731,521,20721,8.0,refund,,3166.59
732,522,39764,3.0,refund,,2282.68
733,523,149473,6.0,refund,,1563.67
734,523,149474,1.0,exchange,36.0,0.0
735,524,71162,4.0,refund,,2076.65
736,524,71161,5.0,refund,,691.74
737,525,57222,1.0,refund,,2300.3
738,525,57220,2.0,refund,,873.94
739,526,62835,1.0,refund,,1920.15
740,527,104899,1.0,refund,,983.07
741,528,31158,2.0,refund,,3143.8
742,528,31157,3.0,exchange,990.0,0.0
743,529,124372,6.0,refund,,69.33
744,530,56858,6.0,exchange,765.0,0.0
745,530,56859,2.0,refund,,3483.18
746,531,138078,1.0,exchange,790.0,0.0
747,531,138079,5.0,refund,,1211.36
748,532,11963,4.0,refund,,617.9
749,533,7452,1.0,exchange,276.0,0.0
750,534,58439,1.0,refund,,1432.75
751,535,9246,2.0,refund,,174.99
752,536,75069,1.0,refund,,1252.68
753,537,3888,3.0,refund,,2928.56
754,537,3886,8.0,refund,,1485.46
755,538,116255,4.0,refund,,3321.81
756,539,86933,7.0,refund,,401.36
757,539,86932,8.0,refund,,2763.78
758,540,7210,7.0,refund,,1094.61
759,540,7208,6.0,refund,,1370.36
760,541,106685,8.0,refund,,1476.72
761,542,148482,4.0,refund,,2249.45
762,543,25175,4.0,refund,,45.56
763,544,16623,4.0,refund,,811.16
765,546,6893,6.0,exchange,744.0,0.0
766,547,100127,1.0,exchange,756.0,0.0
767,547,100125,1.0,refund,,2619.07
768,548,29956,1.0,refund,,2928.56
769,549,46760,2.0,refund,,172.82
770,549,46761,1.0,exchange,593.0,0.0
771,550,133408,1.0,exchange,267.0,0.0
772,550,133404,4.0,refund,,1729.09
773,551,53969,1.0,refund,,64.49
774,551,53968,4.0,refund,,2023.3
775,552,89738,2.0,refund,,3447.79
776,552,89739,3.0,refund,,1981.38
777,553,142392,2.0,refund,,2765.04
778,554,43381,1.0,refund,,1524.52
779,554,43379,2.0,refund,,380.09
780,555,74736,2.0,refund,,1458.18
781,556,38901,1.0,refund,,1359.18
782,556,38904,3.0,refund,,364.81
783,557,140567,3.0,exchange,111.0,0.0
784,558,92713,4.0,exchange,689.0,0.0
785,558,92711,1.0,refund,,178.58
786,559,136890,2.0,refund,,529.88
787,559,136893,1.0,refund,,3033.43
788,560,22488,6.0,exchange,960.0,0.0
789,561,46433,1.0,refund,,2428.81
790,561,46434,1.0,refund,,2637.92
791,562,21804,8.0,refund,,242.94
792,563,122248,1.0,exchange,925.0,0.0
793,564,136045,4.0,refund,,2719.62
794,564,136046,6.0,refund,,711.87
795,565,87149,4.0,refund,,1677.29
796,566,17479,1.0,refund,,3483.18
797,566,17478,1.0,exchange,993.0,0.0
798,567,100652,7.0,refund,,3154.28
799,568,61214,2.0,exchange,433.0,0.0
800,569,75764,3.0,refund,,376.66
801,570,93602,10.0,refund,,2109.81
802,571,147749,5.0,refund,,1310.13
803,572,62822,6.0,exchange,649.0,0.0
804,573,36884,1.0,exchange,141.0,0.0
805,574,69507,2.0,refund,,2126.12
806,575,112806,2.0,refund,,3285.82
807,576,30,2.0,refund,,1121.67
808,577,117760,4.0,refund,,2379.75
809,578,66042,6.0,refund,,1705.1
810,579,94731,2.0,exchange,553.0,0.0
811,579,94734,8.0,exchange,773.0,0.0
812,580,63774,5.0,exchange,142.0,0.0
813,580,63775,9.0,refund,,3785.94
814,581,117782,3.0,refund,,585.8
815,582,24614,5.0,refund,,874.41
816,582,24613,5.0,refund,,103.11
817,583,71212,1.0,exchange,321.0,0.0
818,584,13387,2.0,refund,,2522.95
819,585,75857,2.0,refund,,274.35
820,586,37831,1.0,refund,,2291.44
821,586,37834,1.0,refund,,1069.38
822,587,4477,1.0,exchange,905.0,0.0
823,587,4474,4.0,refund,,2734.36
824,588,61809,4.0,refund,,1189.1
825,588,61808,3.0,refund,,2643.99
826,589,63241,2.0,refund,,3471.18
827,590,61272,1.0,refund,,2326.21
828,591,77214,3.0,refund,,3372.44
829,592,1111,3.0,refund,,2219.71
830,593,66867,3.0,refund,,2942.9
831,593,66866,4.0,refund,,46.79
832,594,91502,5.0,exchange,733.0,0.0
833,594,91501,4.0,refund,,2650.73
834,595,104681,8.0,refund,,387.96
835,595,104680,4.0,refund,,2939.24
836,596,56867,6.0,refund,,2690.48
837,596,56864,3.0,refund,,656.94
838,597,115077,2.0,refund,,2765.04
839,598,16878,1.0,refund,,2611.58
840,598,16876,4.0,refund,,2393.05
841,599,11502,9.0,refund,,2409.31
842,599,11501,1.0,exchange,328.0,0.0
843,600,47678,3.0,exchange,299.0,0.0
844,601,131835,2.0,exchange,958.0,0.0
845,601,131834,3.0,refund,,3840.35
846,602,14056,8.0,refund,,439.93
847,602,14059,2.0,refund,,2866.84
848,603,143491,5.0,refund,,2250.91
849,604,16405,3.0,refund,,3854.29
850,605,23285,3.0,exchange,664.0,0.0
851,606,55460,3.0,refund,,136.02
852,607,22775,5.0,refund,,1052.78
853,608,71426,2.0,refund,,1251.47
854,608,71428,1.0,refund,,1251.11
855,609,131614,3.0,refund,,689.26
856,610,74729,3.0,refund,,2518.29
857,611,29055,3.0,exchange,872.0,0.0
858,611,29054,4.0,refund,,3426.88
859,612,102005,2.0,refund,,2632.87
860,612,102006,1.0,refund,,3599.89
861,613,129798,1.0,refund,,360.16
862,614,118239,1.0,refund,,293.35
863,614,118238,5.0,refund,,2147.93
864,615,28526,2.0,refund,,2799.66
865,615,28527,1.0,exchange,526.0,0.0
866,616,109989,1.0,refund,,1972.36
867,617,61819,7.0,refund,,1278.83
868,617,61821,3.0,exchange,100.0,0.0
869,618,112800,6.0,refund,,1294.48
870,619,71067,2.0,refund,,916.04
871,620,30707,5.0,refund,,3507.03
872,621,50420,3.0,refund,,1089.75
873,621,50418,1.0,refund,,45.75
874,622,49679,2.0,exchange,215.0,0.0
875,622,49678,3.0,refund,,500.79
876,623,11534,1.0,refund,,1761.91
877,624,24144,2.0,exchange,219.0,0.0
878,624,24146,6.0,refund,,1278.83
879,625,5706,4.0,exchange,1007.0,0.0
880,625,5707,2.0,refund,,501.46
881,626,79966,7.0,refund,,103.6
882,627,125915,2.0,refund,,259.1
883,628,126873,1.0,refund,,509.32
884,628,126872,7.0,refund,,1476.72
885,629,69954,5.0,exchange,277.0,0.0
886,629,69955,3.0,refund,,2632.87
887,630,15507,3.0,refund,,103.95
888,630,15504,4.0,refund,,4130.15
889,631,94809,5.0,refund,,2734.36
890,631,94810,3.0,exchange,824.0,0.0
891,632,127265,7.0,refund,,2117.41
892,633,34116,2.0,refund,,1915.6
893,633,34115,3.0,refund,,2643.99
894,634,95660,5.0,refund,,1096.27
895,634,95658,6.0,refund,,2641.36
896,635,23744,2.0,refund,,669.6
897,636,137707,2.0,refund,,2293.63
898,637,93837,9.0,refund,,2378.94
899,637,93836,4.0,exchange,677.0,0.0
900,638,15031,6.0,exchange,392.0,0.0
901,638,15033,1.0,refund,,3257.01
902,639,102873,3.0,refund,,1232.2
903,640,114365,3.0,exchange,977.0,0.0
904,641,21906,2.0,exchange,302.0,0.0
905,642,32446,2.0,refund,,3983.4
906,643,58260,3.0,exchange,592.0,0.0
907,644,53120,2.0,refund,,67.81
908,644,53121,5.0,refund,,2561.11
909,645,138120,2.0,refund,,1759.82
910,646,44063,9.0,refund,,1495.48
911,646,44062,3.0,refund,,2481.23
912,647,17390,1.0,exchange,669.0,0.0
913,648,83630,5.0,refund,,269.82
914,648,83631,2.0,exchange,969.0,0.0
915,649,73082,10.0,exchange,816.0,0.0
916,650,75189,1.0,refund,,742.58
917,650,75190,1.0,refund,,1517.55
918,651,99287,1.0,exchange,158.0,0.0
919,652,32293,2.0,refund,,2546.18
920,653,122044,3.0,exchange,333.0,0.0
921,654,106386,2.0,refund,,656.94
922,655,114149,3.0,refund,,3154.28
923,655,114151,5.0,exchange,342.0,0.0
924,656,98517,1.0,refund,,1970.92
925,657,135044,8.0,refund,,2487.22
926,657,135043,3.0,refund,,131.14
927,658,28307,2.0,refund,,1636.08
930,660,62811,1.0,refund,,1629.17
931,661,19771,3.0,refund,,1752.23
932,661,19773,10.0,refund,,2583.58
933,662,127735,2.0,exchange,450.0,0.0
934,662,127734,3.0,refund,,1568.66
935,663,4232,1.0,refund,,2249.39
936,664,22221,3.0,exchange,948.0,0.0
937,664,22222,1.0,refund,,1614.87
938,665,35961,1.0,refund,,311.37
939,666,85876,1.0,refund,,2822.45
940,666,85875,6.0,refund,,1077.71
941,667,102607,1.0,refund,,130.33
942,667,102605,3.0,refund,,983.07
943,668,87630,7.0,exchange,147.0,0.0
944,669,63724,7.0,refund,,1636.39
945,670,139211,1.0,refund,,496.5
946,671,128653,3.0,refund,,1601.47
947,671,128655,1.0,refund,,2753.33
948,672,63562,1.0,refund,,3179.38
949,672,63565,3.0,refund,,2646.56
950,673,48723,1.0,exchange,302.0,0.0
951,674,93048,2.0,refund,,1707.1
952,674,93050,3.0,refund,,637.52
953,675,85639,1.0,refund,,242.94
954,676,71671,2.0,exchange,786.0,0.0
955,676,71670,1.0,exchange,476.0,0.0
956,677,44185,1.0,exchange,12.0,0.0
957,678,5396,2.0,exchange,205.0,0.0
958,679,62064,3.0,refund,,3541.51
959,679,62065,1.0,refund,,1953.89
960,680,16968,1.0,refund,,293.35
961,681,33522,4.0,exchange,306.0,0.0
962,681,33523,3.0,refund,,1078.27
963,682,112220,6.0,refund,,500.79
964,682,112219,1.0,exchange,302.0,0.0
965,683,36000,3.0,refund,,1891.34
966,683,36002,1.0,refund,,2589.27
967,684,109836,9.0,refund,,1956.29
968,685,70483,1.0,refund,,1004.76
969,686,113206,2.0,refund,,1048.92
970,686,113205,2.0,exchange,776.0,0.0
971,687,59778,1.0,refund,,3134.4
972,688,133146,7.0,refund,,960.29
973,689,9489,1.0,exchange,460.0,0.0
974,690,51446,2.0,refund,,1389.22
975,691,47943,4.0,refund,,2100.65
976,691,47941,5.0,exchange,904.0,0.0
977,692,5555,2.0,refund,,696.24
978,692,5554,3.0,refund,,2637.92
979,693,24258,2.0,refund,,3683.74
980,694,38479,1.0,exchange,161.0,0.0
981,694,38478,1.0,refund,,1320.3
982,695,43638,1.0,refund,,1905.32
983,695,43639,1.0,refund,,45.75
984,696,57114,5.0,refund,,2309.76
985,696,57112,1.0,refund,,2642.82
986,697,132347,10.0,refund,,1078.66
987,698,93740,2.0,refund,,1687.22
988,699,45435,9.0,refund,,1071.58
989,700,4114,3.0,exchange,143.0,0.0
990,701,137189,2.0,refund,,1252.68
991,701,137187,7.0,refund,,1463.75
992,702,115570,9.0,refund,,2483.8
993,702,115572,6.0,refund,,3063.56
994,703,10342,4.0,refund,,1343.06
995,704,129341,1.0,exchange,834.0,0.0
996,704,129343,1.0,refund,,1278.83
997,705,1366,1.0,exchange,542.0,0.0
998,706,116846,4.0,refund,,1121.67
999,707,80305,5.0,exchange,286.0,0.0
1000,708,6097,3.0,refund,,2993.23
1001,708,6096,1.0,refund,,2758.2
1002,709,64261,6.0,refund,,3250.05
1003,709,64260,6.0,refund,,2508.07
1004,710,9002,2.0,refund,,3252.7
1005,710,9004,7.0,exchange,238.0,0.0
1006,711,137190,1.0,exchange,117.0,0.0
1007,712,78233,3.0,exchange,533.0,0.0
1008,713,78767,2.0,refund,,1796.67
1009,714,136433,2.0,refund,,1276.93
1010,715,22463,1.0,exchange,970.0,0.0
1011,715,22465,5.0,refund,,1343.06
1012,716,19641,2.0,refund,,151.29
1013,717,147145,2.0,refund,,2758.75
1014,717,147144,10.0,refund,,874.41
1015,718,63547,6.0,refund,,2199.8
1016,718,63548,1.0,refund,,2160.03
1017,719,2996,3.0,exchange,230.0,0.0
1018,719,2997,3.0,refund,,3314.63
1019,720,70035,1.0,refund,,100.17
1020,721,131254,2.0,refund,,726.72
1021,722,112664,10.0,refund,,658.74
1022,723,70254,6.0,exchange,994.0,0.0
1023,723,70250,3.0,exchange,264.0,0.0
1024,724,42128,1.0,exchange,139.0,0.0
1025,724,42129,3.0,refund,,1208.32
1026,725,144660,3.0,refund,,1309.93
1027,726,105487,4.0,refund,,2142.5
1028,726,105491,1.0,refund,,98.79
1029,727,96630,9.0,refund,,691.74
1030,728,119036,3.0,refund,,1109.29
1031,728,119037,4.0,refund,,242.94
1032,729,109324,3.0,exchange,498.0,0.0
1033,729,109326,1.0,refund,,3083.67
1034,730,1374,5.0,refund,,2002.01
1035,730,1371,8.0,refund,,755.45
1036,731,69094,1.0,refund,,2219.71
1037,731,69093,1.0,refund,,2785.44
1038,732,53602,3.0,exchange,469.0,0.0
1039,733,134306,8.0,exchange,532.0,0.0
1040,734,118083,8.0,exchange,445.0,0.0
1041,734,118086,3.0,exchange,67.0,0.0
1042,735,56658,6.0,refund,,2974.82
1043,735,56659,3.0,refund,,2939.24
1044,736,49020,2.0,refund,,1753.95
1045,737,50321,4.0,exchange,460.0,0.0
1046,738,81969,5.0,refund,,2417.32
1047,739,9338,1.0,exchange,681.0,0.0
1048,740,106471,6.0,refund,,1425.15
1049,741,41746,9.0,refund,,135.04
1050,741,41749,2.0,refund,,532.97
1051,742,33356,4.0,refund,,1370.5
1052,742,33355,5.0,exchange,779.0,0.0
1053,743,4647,4.0,refund,,1186.18
1054,744,87789,1.0,refund,,699.53
1055,745,127184,1.0,refund,,1958.94
1056,746,76273,3.0,refund,,1109.29
1058,748,125013,2.0,refund,,2152.22
1059,749,112517,1.0,refund,,3138.93
1060,749,112516,2.0,refund,,4130.15
1061,750,87612,1.0,exchange,850.0,0.0
1062,751,108176,1.0,refund,,286.64
1063,751,108175,2.0,exchange,655.0,0.0
1064,752,45856,2.0,refund,,2718.89
1065,752,45858,1.0,refund,,4128.07
1066,753,25605,7.0,refund,,2874.99
1067,753,25606,7.0,refund,,3073.64
1068,754,110783,2.0,refund,,118.69
1069,755,49719,1.0,refund,,1674.37
1070,756,123909,2.0,refund,,2719.62
1071,756,123910,5.0,refund,,2440.23
1072,757,114379,6.0,exchange,719.0,0.0
1073,758,24179,3.0,refund,,151.29
1074,759,51145,2.0,refund,,1936.17
1075,760,123681,4.0,refund,,1700.56
1076,761,66328,6.0,exchange,700.0,0.0
1077,762,9625,1.0,exchange,966.0,0.0
1078,763,116610,7.0,refund,,2452.69
1079,764,148905,4.0,refund,,2133.34
1080,765,71163,2.0,refund,,1211.36
1081,766,6529,1.0,exchange,448.0,0.0
1082,766,6528,1.0,exchange,318.0,0.0
1083,767,66313,4.0,exchange,800.0,0.0
1084,768,150006,1.0,refund,,1350.67
1085,768,150008,7.0,refund,,2399.92
1086,769,20902,1.0,exchange,332.0,0.0
1087,769,20901,5.0,refund,,2646.56
1088,770,116271,5.0,exchange,430.0,0.0
1089,771,116689,1.0,refund,,515.43
1090,771,116688,4.0,refund,,1711.73
1091,772,55861,3.0,refund,,1866.08
1092,772,55862,7.0,refund,,2513.67
1093,773,65010,1.0,refund,,1827.76
1094,773,65009,3.0,refund,,1982.59
1095,774,144999,9.0,exchange,422.0,0.0
1096,775,65119,5.0,refund,,1077.71
1097,776,19795,4.0,refund,,2149.95
1098,777,1984,2.0,refund,,818.75
1099,778,100410,1.0,exchange,558.0,0.0
1100,779,101337,4.0,exchange,397.0,0.0
1101,779,101338,10.0,exchange,190.0,0.0
1102,780,41729,10.0,refund,,1056.69
1103,780,41730,6.0,exchange,988.0,0.0
1104,781,43530,1.0,refund,,1029.86
1105,781,43531,2.0,refund,,2460.16
1106,782,5485,2.0,refund,,621.48
1107,782,5486,1.0,exchange,315.0,0.0
1108,783,46228,1.0,refund,,2651.34
1109,783,46229,1.0,exchange,82.0,0.0
1110,784,53760,2.0,exchange,455.0,0.0
1111,785,14254,1.0,refund,,2527.1
1112,785,14256,1.0,exchange,219.0,0.0
1116,788,95215,1.0,refund,,1403.13
1117,788,95214,1.0,refund,,704.36
1118,789,115197,4.0,refund,,1309.93
1119,789,115196,8.0,refund,,2217.71
1120,790,3120,3.0,refund,,2561.11
1121,791,35200,6.0,refund,,1655.69
1122,791,35199,5.0,exchange,333.0,0.0
1123,792,30736,8.0,refund,,2430.46
1124,793,39417,7.0,exchange,475.0,0.0
1125,794,40655,3.0,exchange,771.0,0.0
1126,795,84595,1.0,refund,,951.05
1127,795,84593,1.0,refund,,3163.03
1128,796,116626,3.0,refund,,1891.34
1129,796,116625,2.0,refund,,2002.01
1130,797,72349,1.0,refund,,1915.6
1131,798,13267,1.0,refund,,2483.8
1132,799,54357,1.0,refund,,1389.22
1133,799,54359,4.0,refund,,130.89
1134,800,100659,8.0,refund,,3055.12
1135,801,2747,8.0,exchange,156.0,0.0
1136,801,2748,7.0,refund,,272.66
1137,802,28688,3.0,exchange,133.0,0.0
1138,803,47222,2.0,exchange,438.0,0.0
1139,803,47223,2.0,refund,,3063.56
1140,804,70998,8.0,refund,,873.94
1141,805,117614,6.0,refund,,541.54
1142,806,110764,3.0,refund,,1742.58
1143,807,100107,1.0,refund,,2579.96
1144,808,106345,3.0,refund,,1469.11
1145,809,86958,1.0,exchange,135.0,0.0
1146,810,112821,1.0,refund,,1905.32
1147,810,112817,5.0,refund,,2364.36
1148,811,46813,1.0,refund,,407.01
1149,812,83053,5.0,exchange,400.0,0.0
1150,812,83054,1.0,exchange,571.0,0.0
1151,813,23057,4.0,refund,,2758.75
1152,813,23056,2.0,refund,,539.47
1153,814,123341,1.0,refund,,1654.94
1154,815,62684,2.0,refund,,1486.53
1155,815,62687,3.0,exchange,319.0,0.0
1156,816,131813,6.0,refund,,1563.67
1157,817,119964,3.0,refund,,2123.91
1158,818,143397,1.0,exchange,769.0,0.0
1159,818,143398,6.0,refund,,1785.47
1160,819,24603,2.0,refund,,3513.13
1161,819,24602,4.0,exchange,575.0,0.0
1162,820,53599,2.0,exchange,604.0,0.0
1163,821,29720,5.0,refund,,685.52
1164,821,29719,1.0,refund,,381.63
1165,822,25219,2.0,exchange,496.0,0.0
1166,823,59355,1.0,refund,,283.33
1167,824,105312,5.0,refund,,2084.13
1168,825,148307,3.0,refund,,2398.41
1169,826,23535,1.0,refund,,1796.67
1170,827,120850,2.0,refund,,2954.61
1171,827,120849,9.0,refund,,2160.03
1172,828,36772,1.0,refund,,1475.54
1173,829,80021,2.0,refund,,764.21
1174,830,112801,8.0,exchange,142.0,0.0
1175,831,145442,1.0,refund,,1563.67
1177,833,137517,2.0,refund,,3588.36
1178,834,126951,1.0,exchange,676.0,0.0
1179,835,24655,7.0,refund,,1425.15
1180,836,49275,3.0,refund,,874.41
1181,837,106500,9.0,refund,,3180.67
1182,838,90768,2.0,exchange,716.0,0.0
1183,839,121626,3.0,refund,,2325.8
1184,840,141010,2.0,refund,,2414.72
1185,841,135865,1.0,refund,,2038.04
1186,842,99711,1.0,refund,,2002.01
1187,843,84969,5.0,refund,,2954.61
1188,843,84967,2.0,refund,,2622.09
1189,844,71738,4.0,exchange,856.0,0.0
1190,844,71737,1.0,refund,,815.67
1191,845,87615,1.0,refund,,2276.42
1192,846,132858,1.0,refund,,1183.89
1193,847,138131,3.0,refund,,1896.85
1194,848,85675,4.0,refund,,1189.1
1195,848,85677,6.0,refund,,1586.88
1196,849,68965,4.0,refund,,407.01
1197,850,92974,1.0,refund,,621.48
1198,851,116639,1.0,refund,,54.33
1199,852,47534,2.0,exchange,90.0,0.0
1200,852,47536,3.0,exchange,820.0,0.0
1201,853,149723,5.0,refund,,151.29
1202,854,142606,6.0,refund,,89.51
1203,855,106385,1.0,refund,,1262.96
1204,855,106384,4.0,exchange,545.0,0.0
1205,856,45969,3.0,refund,,2309.21
1206,857,55178,1.0,refund,,2344.97
1207,858,86909,7.0,refund,,1360.44
1208,859,145770,9.0,refund,,2570.99
1209,859,145771,3.0,refund,,2403.32
1211,861,149422,4.0,refund,,2398.41
1212,862,37109,2.0,exchange,842.0,0.0
1213,862,37110,6.0,exchange,85.0,0.0
1214,863,27057,1.0,refund,,815.67
1215,863,27053,1.0,refund,,1048.92
1216,864,57478,1.0,refund,,2092.58
1217,864,57477,1.0,refund,,1245.37
1218,865,76484,2.0,exchange,971.0,0.0
1219,866,120748,5.0,exchange,483.0,0.0
1220,866,120749,1.0,refund,,543.46
1221,867,101507,2.0,exchange,671.0,0.0
1222,867,101506,1.0,exchange,102.0,0.0
1223,868,102035,7.0,refund,,2485.36
1224,868,102036,4.0,refund,,705.44
1225,869,7575,1.0,refund,,2351.02
1226,870,113901,2.0,refund,,2076.65
1227,871,88532,5.0,refund,,2540.41
1228,872,6416,2.0,refund,,2112.4
1229,873,141843,1.0,refund,,1325.84
1230,874,68228,7.0,refund,,1310.13
1231,874,68227,9.0,refund,,2993.52
1232,875,147710,2.0,refund,,1325.84
1233,875,147713,5.0,exchange,484.0,0.0
1234,876,33941,1.0,refund,,496.5
1235,877,70473,4.0,refund,,1135.35
1236,878,56597,1.0,refund,,1744.87
1237,879,37063,1.0,exchange,735.0,0.0
1238,880,63253,4.0,refund,,2412.74
1239,881,39242,2.0,refund,,1148.81
1240,881,39243,6.0,exchange,840.0,0.0
1241,882,86641,4.0,refund,,390.46
1242,883,131915,3.0,exchange,871.0,0.0
1243,884,69046,2.0,exchange,538.0,0.0
1244,884,69047,6.0,refund,,2109.81
1245,885,57981,7.0,refund,,2414.72
1246,886,75146,1.0,refund,,283.33
1247,886,75147,1.0,exchange,621.0,0.0
1248,887,8740,4.0,exchange,943.0,0.0
1249,888,4351,1.0,refund,,720.71
1250,888,4353,4.0,exchange,307.0,0.0
1251,889,141956,2.0,refund,,1262.96
1252,890,133327,3.0,refund,,2760.41
1253,890,133331,2.0,exchange,608.0,0.0
1254,891,134168,1.0,refund,,538.89
1255,891,134167,3.0,refund,,815.67
1256,892,67265,4.0,refund,,2518.29
1257,893,148994,5.0,refund,,1140.17
1258,894,95977,1.0,refund,,1371.86
1259,895,46949,2.0,exchange,729.0,0.0
1260,896,118187,1.0,refund,,3073.64
1261,897,101854,1.0,refund,,1135.35
1262,898,50393,7.0,refund,,1038.34
1263,899,41256,7.0,refund,,1541.68
1264,899,41257,3.0,refund,,1556.72
1265,900,43162,2.0,refund,,2979.2
1266,901,79372,4.0,exchange,90.0,0.0
1267,901,79371,7.0,refund,,410.74
1268,902,145895,2.0,refund,,742.58
1269,903,126963,1.0,exchange,714.0,0.0
1270,903,126962,6.0,refund,,3285.82
1271,904,105632,1.0,refund,,951.05
1274,906,57970,5.0,refund,,1043.87
1275,906,57969,1.0,refund,,410.03
1276,907,110102,9.0,refund,,1541.68
1277,908,6784,4.0,exchange,957.0,0.0
1278,908,6783,3.0,exchange,191.0,0.0
1279,909,66766,1.0,exchange,278.0,0.0
1280,910,93856,2.0,refund,,2402.23
1281,911,85526,5.0,refund,,725.45
1282,912,3873,1.0,refund,,258.05
1283,912,3872,7.0,refund,,1993.48
1284,913,140917,1.0,exchange,510.0,0.0
1285,913,140919,2.0,refund,,2291.0
1286,914,63830,1.0,refund,,277.89
1287,914,63829,1.0,exchange,989.0,0.0
1288,915,66625,2.0,refund,,2250.91
1289,916,82984,2.0,exchange,578.0,0.0
1290,917,74698,2.0,refund,,589.87
1291,918,54444,5.0,refund,,941.64
1292,919,22571,3.0,refund,,642.52
1293,920,146882,2.0,refund,,1955.26
1294,921,71316,7.0,refund,,2344.97
1295,922,16305,1.0,refund,,964.88
1296,923,64347,1.0,refund,,2694.24
1297,923,64348,3.0,refund,,3479.81
1298,924,109307,2.0,refund,,518.0
1299,925,25272,5.0,refund,,3334.43
1300,926,101678,1.0,exchange,137.0,0.0
1301,926,101676,3.0,exchange,84.0,0.0
1302,927,38067,7.0,exchange,68.0,0.0
1303,928,143777,3.0,refund,,2407.35
1304,929,79733,4.0,refund,,717.98
1305,930,63587,8.0,refund,,3138.93
1306,930,63588,6.0,refund,,269.82
1307,931,38071,5.0,refund,,717.98
1308,931,38072,2.0,refund,,3170.64
1309,932,15109,1.0,exchange,876.0,0.0
1310,933,344,4.0,refund,,301.17
1311,933,341,2.0,refund,,1785.47
1312,934,76969,1.0,refund,,3533.76
1313,935,80114,2.0,refund,,617.9
1314,936,2727,2.0,exchange,4.0,0.0
1315,937,18006,7.0,exchange,903.0,0.0
1316,937,18007,1.0,refund,,1476.72
1317,938,64876,2.0,exchange,208.0,0.0
1318,939,20438,2.0,refund,,2118.14
1319,939,20437,4.0,refund,,736.62
1320,940,52387,1.0,refund,,1350.67
1321,941,124695,1.0,refund,,711.87
1322,941,124692,5.0,exchange,1007.0,0.0
1323,942,60078,3.0,refund,,1686.84
1324,942,60080,1.0,refund,,3170.64
1325,943,64087,7.0,refund,,1274.13
1326,944,10460,1.0,refund,,2540.41
1327,945,58969,1.0,refund,,1905.32
1328,945,58968,10.0,refund,,3734.46
1329,946,26077,5.0,refund,,2557.48
1330,946,26080,2.0,exchange,984.0,0.0
1331,947,47860,2.0,refund,,3179.38
1332,948,53522,1.0,refund,,959.76
1333,948,53523,2.0,refund,,1276.82
1334,949,45161,2.0,refund,,364.81
1335,949,45160,2.0,refund,,1023.33
1336,950,6010,1.0,refund,,539.43
1337,950,6011,7.0,refund,,240.37
1338,951,33284,1.0,refund,,1696.35
1339,952,113085,4.0,refund,,390.46
1340,953,68000,6.0,refund,,1960.57
1341,953,68001,2.0,refund,,617.9
1342,954,25308,6.0,refund,,1066.34
1343,955,123108,4.0,exchange,141.0,0.0
1344,956,138467,1.0,exchange,502.0,0.0
1345,957,139808,1.0,exchange,260.0,0.0
1346,957,139807,1.0,refund,,3157.67
1347,958,108506,3.0,refund,,503.3
1348,958,108504,3.0,refund,,3990.65
1349,959,142943,8.0,exchange,726.0,0.0
1350,960,46585,1.0,refund,,151.29
1351,961,14319,2.0,refund,,685.52
1352,961,14320,5.0,exchange,601.0,0.0
1353,962,44083,1.0,refund,,4128.07
1354,962,44082,6.0,refund,,3840.35
1355,963,23005,3.0,exchange,179.0,0.0
1356,963,23003,3.0,refund,,420.07
1357,964,18607,2.0,refund,,2440.23
1358,965,38402,2.0,refund,,704.36
1359,966,19451,1.0,refund,,2845.64
1360,967,121423,2.0,refund,,3250.05
1361,967,121425,1.0,refund,,1463.75
1362,968,68043,6.0,exchange,934.0,0.0
1363,969,112994,3.0,refund,,420.07
1364,970,39666,5.0,refund,,2369.19
1365,970,39665,8.0,refund,,487.86
1366,971,133034,3.0,exchange,696.0,0.0
1367,972,108779,7.0,exchange,290.0,0.0
1368,973,13692,1.0,refund,,178.58
1369,973,13689,3.0,refund,,2538.86
1370,974,128162,3.0,refund,,3990.65
1371,974,128160,3.0,refund,,103.11
1372,975,63634,3.0,exchange,517.0,0.0
1373,975,63635,1.0,refund,,2546.56
1374,976,131646,5.0,refund,,1517.55
1375,976,131644,9.0,exchange,210.0,0.0
1376,977,78768,10.0,refund,,1676.19
1377,978,136780,1.0,refund,,3516.69
1378,979,36969,1.0,refund,,2535.8
1379,980,82218,1.0,refund,,3084.28
1380,980,82217,4.0,exchange,916.0,0.0
1381,981,34094,1.0,refund,,406.78
1382,982,17430,2.0,exchange,174.0,0.0
1383,982,17432,4.0,refund,,2409.28
1384,983,49603,4.0,refund,,2495.73
1385,983,49602,2.0,refund,,798.36
1386,984,129715,2.0,refund,,642.52
1387,985,72844,1.0,refund,,1970.92
1388,986,60439,1.0,refund,,1178.62
1389,986,60440,3.0,exchange,16.0,0.0
1390,987,59802,2.0,refund,,1310.13
1391,988,52964,3.0,refund,,2219.2
1392,989,131524,2.0,refund,,677.01
1393,989,131526,2.0,exchange,606.0,0.0
1394,990,73982,1.0,refund,,3751.57
1395,990,73980,2.0,exchange,894.0,0.0
1396,991,22392,5.0,refund,,544.34
1397,991,22391,1.0,refund,,103.11
1398,992,137043,1.0,refund,,643.62
1399,993,69211,6.0,refund,,387.96
1400,994,119152,2.0,refund,,2527.1
1401,995,1052,1.0,exchange,483.0,0.0
1402,995,1051,3.0,refund,,1605.18
1404,997,149632,7.0,refund,,2540.41
1405,997,149631,5.0,refund,,3486.24
1406,998,139596,1.0,exchange,786.0,0.0
1407,999,50046,7.0,refund,,293.35
1408,999,50047,1.0,refund,,1487.89
1409,1000,3696,1.0,refund,,1711.49
